{
  "id": "8a4d407d-d719-441c-ae1b-fcf9e0424a0d",
  "site_id": "8a4d407d-d719-441c-ae1b-fcf9e0424a0d",
  "plan": "nf_team_dev",
  "ssl_plan": null,
  "premium": false,
  "claimed": true,
  "name": "cerulean-malasada-257e7f",
  "custom_domain": null,
  "branch_deploy_custom_domain": null,
  "deploy_preview_custom_domain": null,
  "domain_aliases": [],
  "sso_login": false,
  "sso_login_context": "all",
  "notification_email": null,
  "url": "http://cerulean-malasada-257e7f.netlify.app",
  "admin_url": "https://app.netlify.com/projects/cerulean-malasada-257e7f",
  "deploy_id": "",
  "build_id": "",
  "deploy_url": "http://68ea426eca7a7a2376bae926--cerulean-malasada-257e7f.netlify.app",
  "state": "current",
  "screenshot_url": null,
  "created_at": "2025-10-11T11:41:33.580Z",
  "updated_at": "2025-10-11T11:41:33.611Z",
  "user_id": "68e6b116d88bfd9e88c4a404",
  "error_message": null,
  "ssl": false,
  "ssl_url": "https://cerulean-malasada-257e7f.netlify.app",
  "force_ssl": null,
  "ssl_status": null,
  "max_domain_aliases": 100,
  "build_settings": {},
  "dev_server_settings": {},
  "processing_settings": {
    "html": {
      "pretty_urls": true
    },
    "ignore_html_forms": true
  },
  "prerender": null,
  "prerender_headers": null,
  "deploy_hook": null,
  "published_deploy": null,
  "managed_dns": true,
  "jwt_secret": null,
  "jwt_roles_path": "app_metadata.authorization.roles",
  "account_id": "68e6b116d88bfd9e88c4a406",
  "account_slug": "juraj-previsic1",
  "account_name": "juraj-previsic1’s team",
  "account_type": "Free",
  "capabilities": {
    "cdn_tier": "reg",
    "deploy_diagnostics": false,
    "dev_server_enabled": true
  },
  "dns_zone_id": null,
  "identity_instance_id": null,
  "primary_create_project": null,
  "use_functions": null,
  "use_edge_handlers": null,
  "use_forms": null,
  "parent_user_id": null,
  "automatic_tls_provisioning": null,
  "disabled": null,
  "disabled_reason": null,
  "lifecycle_state": "active",
  "id_domain": "8a4d407d-d719-441c-ae1b-fcf9e0424a0d.netlify.app",
  "use_lm": null,
  "build_image": "noble",
  "automatic_tls_provisioning_expired": false,
  "analytics_instance_id": null,
  "functions_region": "us-east-2",
  "functions_timeout": null,
  "plugins": [],
  "account_subdomain": null,
  "cdp_enabled_contexts": [
    "deploy-preview"
  ],
  "deploy_retention_in_days": 90,
  "build_timelimit": null,
  "password_context": "all",
  "hud_enabled": false,
  "labels": [],
  "traffic_rules_config_per_scope": {},
  "visual_editor_active": null,
  "description": null,
  "description_hidden": null,
  "dev_server_resources": null,
  "created_via": null,
  "deploy_origin": {},
  "session_id": null,
  "quick_setup_in_progress": true,
  "has_zip_build": false,
  "cover_url": null,
  "feature_flags": null,
  "versions": {
    "go": {
      "active": null,
      "default": "1.19.x"
    },
    "node": {
      "active": null,
      "default": "22"
    },
    "python": {
      "active": null,
      "default": "3.13"
    },
    "ruby": {
      "active": null,
      "default": "2.7.2"
    },
    "yarn": {
      "active": null,
      "default": "1.22.19"
    }
  },
  "has_password": false,
  "default_domain": "cerulean-malasada-257e7f.netlify.app",
  "use_envelope": true
}